Domain,Query,Clicks,Impressions,CTR,Position,StartDate,EndDate
dorukcanay.digital,arenapark escort,2,12,16.67%,7.83,2026-05-27,2026-06-10
dorukcanay.digital,arena park escort,1,7,14.29%,5.86,2026-05-27,2026-06-10
dorukcanay.digital,arena park eskort,0,4,0.00%,5.75,2026-05-27,2026-06-10
dorukcanay.digital,arenapark eskort,0,2,0.00%,6.50,2026-05-27,2026-06-10
dorukcanay.digital,escort vip,0,1,0.00%,30.00,2026-05-27,2026-06-10
dorukcanay.digital,gayrettepe escort,0,1,0.00%,24.00,2026-05-27,2026-06-10
dorukcanay.digital,gültepe escort,0,1,0.00%,11.00,2026-05-27,2026-06-10
dorukcanay.digital,harbiye escort,0,8,0.00%,17.38,2026-05-27,2026-06-10
dorukcanay.digital,kemerdere escort,0,1,0.00%,9.00,2026-05-27,2026-06-10
dorukcanay.digital,ofis eskort,0,2,0.00%,23.50,2026-05-27,2026-06-10
dorukcanay.digital,soğanlık escort,0,1,0.00%,17.00,2026-05-27,2026-06-10
dorukcanay.digital,vip escort,0,1,0.00%,26.00,2026-05-27,2026-06-10
dorukcanay.digital,vişnelik escort,0,1,0.00%,30.00,2026-05-27,2026-06-10
dorukcanay.digital,şişhane escort,0,5,0.00%,12.60,2026-05-27,2026-06-10
istanbulescort.blog,arena park escort,0,1,0.00%,28.00,2026-05-27,2026-06-10
istanbulescort.blog,arenapark escort,0,1,0.00%,28.00,2026-05-27,2026-06-10
istanbulescort.blog,ataşehir rus escort,0,1,0.00%,31.00,2026-05-27,2026-06-10
istanbulescort.blog,istanbul vip rus escort,0,1,0.00%,72.00,2026-05-27,2026-06-10
istanbulescort.blog,kadıköy rus escort,0,1,0.00%,25.00,2026-05-27,2026-06-10
onlyfansizle.shop,ataşehir escort bayanlar,1,1,100.00%,25.00,2026-05-27,2026-06-10
onlyfansizle.shop,ataşehir escort,0,232,0.00%,46.62,2026-05-27,2026-06-10
vipescorthizmeti.com,batışehir escort,3,6,50.00%,4.67,2026-05-27,2026-06-10
vipescorthizmeti.com,batışehir eskort,1,2,50.00%,5.00,2026-05-27,2026-06-10
vipescorthizmeti.com,ataşehir vip escort,0,1,0.00%,22.00,2026-05-27,2026-06-10
vipescorthizmeti.com,elit escort,0,1,0.00%,46.00,2026-05-27,2026-06-10
vipescorthizmeti.com,elit vip escort,0,1,0.00%,39.00,2026-05-27,2026-06-10
vipescorthizmeti.com,istanbul vip escort,0,6,0.00%,57.83,2026-05-27,2026-06-10
vipescorthizmeti.com,istanbul vip escort bayan,0,2,0.00%,87.50,2026-05-27,2026-06-10
vipescorthizmeti.com,vip escort,0,1,0.00%,40.00,2026-05-27,2026-06-10
vipescorthizmeti.com,vip istanbul escort,0,1,0.00%,49.00,2026-05-27,2026-06-10
leventdrkcnay.shop,bagcılar escort,2,3,66.67%,49.67,2026-05-27,2026-06-10
leventdrkcnay.shop,bağcılar escort,2,750,0.27%,37.43,2026-05-27,2026-06-10
leventdrkcnay.shop,bağcılar escort fotoğraflar,1,1,100.00%,42.00,2026-05-27,2026-06-10
leventdrkcnay.shop,bağcılar eskort,1,7,14.29%,44.71,2026-05-27,2026-06-10
leventdrkcnay.shop,gop escort,1,1,100.00%,38.00,2026-05-27,2026-06-10
leventdrkcnay.shop,4 levent escort,0,1,0.00%,22.00,2026-05-27,2026-06-10
leventdrkcnay.shop,bagcilar escort,0,2,0.00%,29.00,2026-05-27,2026-06-10
leventdrkcnay.shop,bağcılar escort bayan,0,18,0.00%,34.11,2026-05-27,2026-06-10
leventdrkcnay.shop,bağcılar escırt,0,1,0.00%,39.00,2026-05-27,2026-06-10
leventdrkcnay.shop,bağcılarescort,0,1,0.00%,35.00,2026-05-27,2026-06-10
leventdrkcnay.shop,beylikdüzü elit escort,0,1,0.00%,24.00,2026-05-27,2026-06-10
leventdrkcnay.shop,beylikdüzü orospu,0,1,0.00%,26.00,2026-05-27,2026-06-10
leventdrkcnay.shop,beylikdüzü vip escort,0,1,0.00%,28.00,2026-05-27,2026-06-10
leventdrkcnay.shop,beşiktaş escort ukraynalı,0,2,0.00%,24.00,2026-05-27,2026-06-10
leventdrkcnay.shop,beşiktaş rus escort,0,1,0.00%,20.00,2026-05-27,2026-06-10
leventdrkcnay.shop,escort bağcılar,0,26,0.00%,47.00,2026-05-27,2026-06-10
leventdrkcnay.shop,gop eskort,0,1,0.00%,50.00,2026-05-27,2026-06-10
leventdrkcnay.shop,maltepe escort,0,55,0.00%,27.58,2026-05-27,2026-06-10
leventdrkcnay.shop,maltepe vip escort,0,1,0.00%,24.00,2026-05-27,2026-06-10
leventdrkcnay.shop,maltepe yabancı escort,0,1,0.00%,20.00,2026-05-27,2026-06-10
leventdrkcnay.shop,pendik vip escort,0,1,0.00%,40.00,2026-05-27,2026-06-10
leventdrkcnay.shop,sultanbeyli escort,0,1,0.00%,36.00,2026-05-27,2026-06-10
leventdrkcnay.shop,vip escort beylikdüzü,0,2,0.00%,26.00,2026-05-27,2026-06-10
shopistanbulescortkaporasiz.site,bağcılar escort,6,4589,0.13%,28.98,2026-05-27,2026-06-10
shopistanbulescortkaporasiz.site,bağcılar eskort,5,12,41.67%,41.75,2026-05-27,2026-06-10
shopistanbulescortkaporasiz.site,beyoğlu escort,2,5134,0.04%,38.09,2026-05-27,2026-06-10
shopistanbulescortkaporasiz.site,yesilpinar escort,2,2,100.00%,19.00,2026-05-27,2026-06-10
shopistanbulescortkaporasiz.site,bagcilar escort,1,550,0.18%,37.71,2026-05-27,2026-06-10
shopistanbulescortkaporasiz.site,beyoğlu escort bayanlar,1,1,100.00%,37.00,2026-05-27,2026-06-10
shopistanbulescortkaporasiz.site,eyüp escort,1,144,0.69%,31.35,2026-05-27,2026-06-10
shopistanbulescortkaporasiz.site,eyüp eskort,1,1,100.00%,31.00,2026-05-27,2026-06-10
shopistanbulescortkaporasiz.site,eyüp sultan eskort,1,1,100.00%,23.00,2026-05-27,2026-06-10
shopistanbulescortkaporasiz.site,eyüpsultan escort,1,71,1.41%,19.96,2026-05-27,2026-06-10
shopistanbulescortkaporasiz.site,eyüpsultan eskort,1,1,100.00%,21.00,2026-05-27,2026-06-10
shopistanbulescortkaporasiz.site,istanbul bağcılar escort,1,4,25.00%,36.25,2026-05-27,2026-06-10
shopistanbulescortkaporasiz.site,küçükçekmece sefaköy eskort,1,1,100.00%,31.00,2026-05-27,2026-06-10
shopistanbulescortkaporasiz.site,pendik vip escort,1,1,100.00%,39.00,2026-05-27,2026-06-10
shopistanbulescortkaporasiz.site,ayupsultan escort,0,1,0.00%,9.00,2026-05-27,2026-06-10
shopistanbulescortkaporasiz.site,bagcilar escort bayan,0,40,0.00%,37.92,2026-05-27,2026-06-10
shopistanbulescortkaporasiz.site,bagcilar ucuz escort,0,1,0.00%,25.00,2026-05-27,2026-06-10
shopistanbulescortkaporasiz.site,bagcılar escort,0,3,0.00%,22.67,2026-05-27,2026-06-10
shopistanbulescortkaporasiz.site,bağcılar escort bayan,0,43,0.00%,31.23,2026-05-27,2026-06-10
shopistanbulescortkaporasiz.site,bağcılar escort fotoğraflar,0,1,0.00%,34.00,2026-05-27,2026-06-10
shopistanbulescortkaporasiz.site,bağcılar escort vip,0,1,0.00%,32.00,2026-05-27,2026-06-10
shopistanbulescortkaporasiz.site,bağcılar escort vip servıce,0,1,0.00%,10.00,2026-05-27,2026-06-10
shopistanbulescortkaporasiz.site,bağcılareskort,0,1,0.00%,41.00,2026-05-27,2026-06-10
shopistanbulescortkaporasiz.site,behçelievler vip escort,0,89,0.00%,31.90,2026-05-27,2026-06-10
shopistanbulescortkaporasiz.site,beyoglu escort,0,55,0.00%,33.91,2026-05-27,2026-06-10
shopistanbulescortkaporasiz.site,beyoğlu eskort,0,1,0.00%,33.00,2026-05-27,2026-06-10
shopistanbulescortkaporasiz.site,escort bagcılar,0,1,0.00%,28.00,2026-05-27,2026-06-10
shopistanbulescortkaporasiz.site,escort bayan şile,0,1,0.00%,25.00,2026-05-27,2026-06-10
shopistanbulescortkaporasiz.site,escort bağcılar,0,19,0.00%,45.58,2026-05-27,2026-06-10
shopistanbulescortkaporasiz.site,escort beyoglu,0,1,0.00%,26.00,2026-05-27,2026-06-10
shopistanbulescortkaporasiz.site,escort eyüp,0,1,0.00%,30.00,2026-05-27,2026-06-10
shopistanbulescortkaporasiz.site,escort eyüpsultan,0,31,0.00%,20.16,2026-05-27,2026-06-10
shopistanbulescortkaporasiz.site,escort sefakoy,0,3,0.00%,35.00,2026-05-27,2026-06-10
shopistanbulescortkaporasiz.site,escort sefaköy,0,1,0.00%,33.00,2026-05-27,2026-06-10
shopistanbulescortkaporasiz.site,eskort bayan bağcılar,0,1,0.00%,37.00,2026-05-27,2026-06-10
shopistanbulescortkaporasiz.site,eskort sefaköy,0,2,0.00%,37.00,2026-05-27,2026-06-10
shopistanbulescortkaporasiz.site,eyupsultan escort,0,260,0.00%,18.97,2026-05-27,2026-06-10
shopistanbulescortkaporasiz.site,eyupsultan escort bayan,0,35,0.00%,13.89,2026-05-27,2026-06-10
shopistanbulescortkaporasiz.site,eyüp sultan escort,0,1,0.00%,23.00,2026-05-27,2026-06-10
shopistanbulescortkaporasiz.site,eyüpsultan escort bayan,0,545,0.00%,17.19,2026-05-27,2026-06-10
shopistanbulescortkaporasiz.site,güneşli corridor escort,0,1,0.00%,56.00,2026-05-27,2026-06-10
shopistanbulescortkaporasiz.site,istanbul eyüpsultan escort,0,1,0.00%,18.00,2026-05-27,2026-06-10
shopistanbulescortkaporasiz.site,istanbul sefaköy escort,0,1,0.00%,25.00,2026-05-27,2026-06-10
shopistanbulescortkaporasiz.site,pendik eskort vip,0,1,0.00%,28.00,2026-05-27,2026-06-10
shopistanbulescortkaporasiz.site,pendik rus escort,0,13,0.00%,24.62,2026-05-27,2026-06-10
shopistanbulescortkaporasiz.site,sefakoy escort,0,2,0.00%,32.00,2026-05-27,2026-06-10
shopistanbulescortkaporasiz.site,sefakoy eskort,0,1,0.00%,34.00,2026-05-27,2026-06-10
shopistanbulescortkaporasiz.site,sefaköy beşyol escort,0,1,0.00%,25.00,2026-05-27,2026-06-10
shopistanbulescortkaporasiz.site,vip escort pendik,0,1,0.00%,46.00,2026-05-27,2026-06-10
shopistanbulescortkaporasiz.site,yesilpinar eskort,0,1,0.00%,21.00,2026-05-27,2026-06-10
kucukcekmecescort.shop,istanbul küçükçekmece eskort,0,1,0.00%,43.00,2026-05-27,2026-06-10
kucukcekmecescort.shop,kucukcekmece escort,0,221,0.00%,31.48,2026-05-27,2026-06-10
kucukcekmecescort.shop,kucukcekmece eskort,0,1,0.00%,53.00,2026-05-27,2026-06-10
istanbulescorthizmeti.shop,beykoz eskort,2,3,66.67%,28.33,2026-05-27,2026-06-10
istanbulescorthizmeti.shop,arnavutkoy escort,1,23,4.35%,19.04,2026-05-27,2026-06-10
istanbulescorthizmeti.shop,escort istanbul,1,2,50.00%,37.00,2026-05-27,2026-06-10
istanbulescorthizmeti.shop,istanbul escort,1,4,25.00%,52.50,2026-05-27,2026-06-10
istanbulescorthizmeti.shop,istanbulescort,1,1,100.00%,29.00,2026-05-27,2026-06-10
istanbulescorthizmeti.shop,bahcelievler escort,0,1,0.00%,30.00,2026-05-27,2026-06-10
istanbulescorthizmeti.shop,beykoz escort,0,1711,0.00%,26.24,2026-05-27,2026-06-10
istanbulescorthizmeti.shop,beylikdüzü rus escort,0,1,0.00%,19.00,2026-05-27,2026-06-10
istanbulescorthizmeti.shop,buyukcekmece escort,0,14,0.00%,19.71,2026-05-27,2026-06-10
istanbulescorthizmeti.shop,cekmekoy escort,0,57,0.00%,30.91,2026-05-27,2026-06-10
istanbulescorthizmeti.shop,escort beykoz,0,1,0.00%,23.00,2026-05-27,2026-06-10
istanbulescorthizmeti.shop,escort bireysel,0,1,0.00%,71.00,2026-05-27,2026-06-10
istanbulescorthizmeti.shop,escort kağıthane,0,1,0.00%,28.00,2026-05-27,2026-06-10
istanbulescorthizmeti.shop,escort küçükçekmece,0,1,0.00%,22.00,2026-05-27,2026-06-10
istanbulescorthizmeti.shop,escort çekmeköy,0,1,0.00%,26.00,2026-05-27,2026-06-10
istanbulescorthizmeti.shop,escort üsküdar,0,1,0.00%,38.00,2026-05-27,2026-06-10
istanbulescorthizmeti.shop,escortlar istanbul,0,2,0.00%,36.50,2026-05-27,2026-06-10
istanbulescorthizmeti.shop,ist eskort,0,1,0.00%,23.00,2026-05-27,2026-06-10
istanbulescorthizmeti.shop,istabul rus escort,0,16,0.00%,33.44,2026-05-27,2026-06-10
istanbulescorthizmeti.shop,istanbul bireysel eskort,0,1,0.00%,70.00,2026-05-27,2026-06-10
istanbulescorthizmeti.shop,istanbul elit escort,0,2,0.00%,49.50,2026-05-27,2026-06-10
istanbulescorthizmeti.shop,istanbul rus escort,0,8,0.00%,44.88,2026-05-27,2026-06-10
istanbulescorthizmeti.shop,kağıthane escort,0,1,0.00%,44.00,2026-05-27,2026-06-10
istanbulescorthizmeti.shop,kucukcekmece escort,0,42,0.00%,38.07,2026-05-27,2026-06-10
istanbulescorthizmeti.shop,rus escort bayan istanbul,0,1,0.00%,36.00,2026-05-27,2026-06-10
istanbulescorthizmeti.shop,vip escort,0,1,0.00%,34.00,2026-05-27,2026-06-10
istanbulescorthizmeti.shop,çekmeköy escort,0,6,0.00%,67.83,2026-05-27,2026-06-10
istanbulescorthizmeti.shop,üsküdar escort,0,60,0.00%,45.47,2026-05-27,2026-06-10
istanbulescorthizmeti.shop,üsküdar escort bayan,0,7,0.00%,26.86,2026-05-27,2026-06-10
istanbulescorthizmeti.shop,üsküdar vip escort,0,8,0.00%,18.13,2026-05-27,2026-06-10
istanbulescorthizmeti.shop,şile escort,0,1,0.00%,27.00,2026-05-27,2026-06-10
istanbulescorthizmeti.shop,şile yabancı escort,0,1,0.00%,42.00,2026-05-27,2026-06-10
esenyurtescorthizmeti.shop,gop escort,4,38,10.53%,35.97,2026-05-27,2026-06-10
esenyurtescorthizmeti.shop,esenyurt vip escort,3,10,30.00%,22.60,2026-05-27,2026-06-10
esenyurtescorthizmeti.shop,silivri escort,2,260,0.77%,28.59,2026-05-27,2026-06-10
esenyurtescorthizmeti.shop,beykoz escort,1,575,0.17%,26.82,2026-05-27,2026-06-10
esenyurtescorthizmeti.shop,escort beykoz,1,1,100.00%,27.00,2026-05-27,2026-06-10
esenyurtescorthizmeti.shop,escort gop,1,1,100.00%,46.00,2026-05-27,2026-06-10
esenyurtescorthizmeti.shop,esenyurt vip eskort,1,1,100.00%,19.00,2026-05-27,2026-06-10
esenyurtescorthizmeti.shop,gop eskort,1,1,100.00%,43.00,2026-05-27,2026-06-10
esenyurtescorthizmeti.shop,silivri escort fotoğraflar,1,2,50.00%,12.50,2026-05-27,2026-06-10
esenyurtescorthizmeti.shop,silivri escory,1,1,100.00%,30.00,2026-05-27,2026-06-10
esenyurtescorthizmeti.shop,silivri eskort,1,4,25.00%,30.00,2026-05-27,2026-06-10
esenyurtescorthizmeti.shop,beykoz eskort,0,2,0.00%,25.00,2026-05-27,2026-06-10
esenyurtescorthizmeti.shop,beykoz kilolu escort,0,1,0.00%,9.00,2026-05-27,2026-06-10
esenyurtescorthizmeti.shop,beykoz liseli escort,0,1,0.00%,12.00,2026-05-27,2026-06-10
esenyurtescorthizmeti.shop,beykoz olgun escort,0,2,0.00%,10.50,2026-05-27,2026-06-10
esenyurtescorthizmeti.shop,beykoz rus escort,0,1,0.00%,18.00,2026-05-27,2026-06-10
esenyurtescorthizmeti.shop,beykoz ukraynalı escort,0,1,0.00%,16.00,2026-05-27,2026-06-10
esenyurtescorthizmeti.shop,beykoz öğrenci escort,0,2,0.00%,23.50,2026-05-27,2026-06-10
esenyurtescorthizmeti.shop,escort bayan gaziosmanpaşa,0,1,0.00%,32.00,2026-05-27,2026-06-10
esenyurtescorthizmeti.shop,esenyurt escoet,0,1,0.00%,68.00,2026-05-27,2026-06-10
esenyurtescorthizmeti.shop,esenyurt escort,0,7261,0.00%,40.77,2026-05-27,2026-06-10
esenyurtescorthizmeti.shop,esenyurt escort ajans,0,1,0.00%,17.00,2026-05-27,2026-06-10
esenyurtescorthizmeti.shop,esenyurt escort fiyatları,0,1,0.00%,19.00,2026-05-27,2026-06-10
esenyurtescorthizmeti.shop,esenyurt escort ucuz,0,1,0.00%,19.00,2026-05-27,2026-06-10
esenyurtescorthizmeti.shop,esenyurt ucuz escort,0,1,0.00%,21.00,2026-05-27,2026-06-10
esenyurtescorthizmeti.shop,esenyurt yeni escort,0,1,0.00%,20.00,2026-05-27,2026-06-10
esenyurtescorthizmeti.shop,eskirt esenyurt,0,1,0.00%,67.00,2026-05-27,2026-06-10
esenyurtescorthizmeti.shop,gazi osman paşa escort,0,1,0.00%,30.00,2026-05-27,2026-06-10
esenyurtescorthizmeti.shop,gaziosmanpasa escort bayan,0,25,0.00%,29.44,2026-05-27,2026-06-10
esenyurtescorthizmeti.shop,gaziosmanpaşa escort bayan,0,8,0.00%,37.13,2026-05-27,2026-06-10
esenyurtescorthizmeti.shop,gaziosmanpaşaescort,0,1,0.00%,29.00,2026-05-27,2026-06-10
esenyurtescorthizmeti.shop,gop escort bayan,0,2,0.00%,23.00,2026-05-27,2026-06-10
esenyurtescorthizmeti.shop,olgun escort esenyurt,0,1,0.00%,25.00,2026-05-27,2026-06-10
esenyurtescorthizmeti.shop,sikivri escort,0,1,0.00%,30.00,2026-05-27,2026-06-10
sanalsms.site,sanal sms,0,1,0.00%,89.00,2026-05-27,2026-06-10
dilanpolatifsa.shop,escort dilan,0,3,0.00%,41.33,2026-05-27,2026-06-10
istanbuldrkcnay.shop,rus escort bayan istanbul,0,1,0.00%,33.00,2026-05-27,2026-06-10
istanbuldrkcnay.shop,üsküdar escort bayan,0,2,0.00%,22.00,2026-05-27,2026-06-10
istanbuldrkcnay.shop,üsküdar vip escort,0,7,0.00%,14.43,2026-05-27,2026-06-10
dizicehennemi.site,avcılar escort,0,1,0.00%,48.00,2026-05-27,2026-06-10
escortcoin.space,dumankaya ikon escort,0,1,0.00%,32.00,2026-05-27,2026-06-10
escortcoin.space,escort manken istanbul,0,1,0.00%,43.00,2026-05-27,2026-06-10
escortcoin.space,istanbul vip rus escort,0,1,0.00%,90.00,2026-05-27,2026-06-10
sefakoyescorthizmeti.shop,küçükçekmece escort,13,32961,0.04%,23.16,2026-05-27,2026-06-10
sefakoyescorthizmeti.shop,istanbul küçükçekmece escort,2,5,40.00%,31.20,2026-05-27,2026-06-10
sefakoyescorthizmeti.shop,küçükcekmece eskort,2,4,50.00%,32.00,2026-05-27,2026-06-10
sefakoyescorthizmeti.shop,sefakoy escort,2,13,15.38%,31.46,2026-05-27,2026-06-10
sefakoyescorthizmeti.shop,escort avcilar,1,1,100.00%,47.00,2026-05-27,2026-06-10
sefakoyescorthizmeti.shop,escort istanbul küçükçekmece,1,1,100.00%,32.00,2026-05-27,2026-06-10
sefakoyescorthizmeti.shop,escort sefakoy,1,4,25.00%,37.00,2026-05-27,2026-06-10
sefakoyescorthizmeti.shop,eskort besiktas,1,1,100.00%,46.00,2026-05-27,2026-06-10
sefakoyescorthizmeti.shop,eskort küçükcekmece,1,1,100.00%,25.00,2026-05-27,2026-06-10
sefakoyescorthizmeti.shop,eskort sefakoy,1,1,100.00%,41.00,2026-05-27,2026-06-10
sefakoyescorthizmeti.shop,eskort sefaköy,1,1,100.00%,39.00,2026-05-27,2026-06-10
sefakoyescorthizmeti.shop,kucukcekmece escort,1,708,0.14%,33.68,2026-05-27,2026-06-10
sefakoyescorthizmeti.shop,küçükçekmece escort fotoğraflar,1,1,100.00%,37.00,2026-05-27,2026-06-10
sefakoyescorthizmeti.shop,küçükçekmece eskort,1,8,12.50%,34.88,2026-05-27,2026-06-10
sefakoyescorthizmeti.shop,avcilar escort,0,39,0.00%,28.97,2026-05-27,2026-06-10
sefakoyescorthizmeti.shop,avcılar escort,0,71,0.00%,26.97,2026-05-27,2026-06-10
sefakoyescorthizmeti.shop,avcılar escort modelleri,0,1,0.00%,26.00,2026-05-27,2026-06-10
sefakoyescorthizmeti.shop,avcılar fetis escort,0,1,0.00%,32.00,2026-05-27,2026-06-10
sefakoyescorthizmeti.shop,avcılar sınırsız escort,0,2,0.00%,20.00,2026-05-27,2026-06-10
sefakoyescorthizmeti.shop,beşiktaş escort ukraynalı,0,1,0.00%,22.00,2026-05-27,2026-06-10
sefakoyescorthizmeti.shop,beşiktaş rus escort,0,3,0.00%,31.33,2026-05-27,2026-06-10
sefakoyescorthizmeti.shop,beşiktaş vip escort,0,1,0.00%,58.00,2026-05-27,2026-06-10
sefakoyescorthizmeti.shop,escort küçükçekmece,0,187,0.00%,32.87,2026-05-27,2026-06-10
sefakoyescorthizmeti.shop,escort sefaköy,0,2,0.00%,36.50,2026-05-27,2026-06-10
sefakoyescorthizmeti.shop,eskort küçükçekmece,0,1,0.00%,28.00,2026-05-27,2026-06-10
sefakoyescorthizmeti.shop,istanbul avrupa yakası beşiktaş esc fotoğraflar,0,4,0.00%,8.50,2026-05-27,2026-06-10
sefakoyescorthizmeti.shop,istanbul küçükçekmece eskort,0,1,0.00%,29.00,2026-05-27,2026-06-10
sefakoyescorthizmeti.shop,istanbul sefaköy escort,0,2,0.00%,25.50,2026-05-27,2026-06-10
sefakoyescorthizmeti.shop,kadıköy vip escort,0,1,0.00%,46.00,2026-05-27,2026-06-10
sefakoyescorthizmeti.shop,kucukcekmece eskort,0,1,0.00%,33.00,2026-05-27,2026-06-10
sefakoyescorthizmeti.shop,kücükcekmece escort,0,1,0.00%,13.00,2026-05-27,2026-06-10
sefakoyescorthizmeti.shop,küçükcekmece escort,0,1,0.00%,15.00,2026-05-27,2026-06-10
sefakoyescorthizmeti.shop,küçükçekmece escort bayan,0,43,0.00%,34.86,2026-05-27,2026-06-10
sefakoyescorthizmeti.shop,küçükçekmece escort fiyatları,0,1,0.00%,31.00,2026-05-27,2026-06-10
sefakoyescorthizmeti.shop,küçükçekmece sefaköy eskort,0,1,0.00%,33.00,2026-05-27,2026-06-10
sefakoyescorthizmeti.shop,sefakoy esc,0,1,0.00%,27.00,2026-05-27,2026-06-10
sefakoyescorthizmeti.shop,sefakoy eskort,0,3,0.00%,31.00,2026-05-27,2026-06-10
sefakoyescorthizmeti.shop,sefaköy bayan eskort,0,2,0.00%,37.00,2026-05-27,2026-06-10
sefakoyescorthizmeti.shop,sefaköy escort,0,6,0.00%,32.83,2026-05-27,2026-06-10
sefakoyescorthizmeti.shop,sisli escort,0,3,0.00%,64.67,2026-05-27,2026-06-10
sites.google.com/dorukcanay.digital/sefakoyistanbul-drkcnay2026/ana-sayfa,sefaköy escort,41,326,12.58%,13.62,2026-05-27,2026-06-10
sites.google.com/dorukcanay.digital/sefakoyistanbul-drkcnay2026/ana-sayfa,sefaköy eskort,22,129,17.05%,13.47,2026-05-27,2026-06-10
sites.google.com/dorukcanay.digital/sefakoyistanbul-drkcnay2026/ana-sayfa,sefakoy escort,5,46,10.87%,10.28,2026-05-27,2026-06-10
sites.google.com/dorukcanay.digital/sefakoyistanbul-drkcnay2026/ana-sayfa,sefaköy escort bayan,5,27,18.52%,16.48,2026-05-27,2026-06-10
sites.google.com/dorukcanay.digital/sefakoyistanbul-drkcnay2026/ana-sayfa,sefakoy eskort,4,23,17.39%,8.78,2026-05-27,2026-06-10
sites.google.com/dorukcanay.digital/sefakoyistanbul-drkcnay2026/ana-sayfa,escort sefaköy,2,15,13.33%,14.67,2026-05-27,2026-06-10
sites.google.com/dorukcanay.digital/sefakoyistanbul-drkcnay2026/ana-sayfa,küçükçekmece sefaköy escort,2,4,50.00%,21.00,2026-05-27,2026-06-10
sites.google.com/dorukcanay.digital/sefakoyistanbul-drkcnay2026/ana-sayfa,küçükçekmece sefaköy eskort,2,2,100.00%,15.50,2026-05-27,2026-06-10
sites.google.com/dorukcanay.digital/sefakoyistanbul-drkcnay2026/ana-sayfa,sefaköy e***** bayan,2,2,100.00%,21.00,2026-05-27,2026-06-10
sites.google.com/dorukcanay.digital/sefakoyistanbul-drkcnay2026/ana-sayfa,sefaköy escort fotoğraflar,2,6,33.33%,24.50,2026-05-27,2026-06-10
sites.google.com/dorukcanay.digital/sefakoyistanbul-drkcnay2026/ana-sayfa,sefaköy eskort bayan,2,6,33.33%,18.33,2026-05-27,2026-06-10
sites.google.com/dorukcanay.digital/sefakoyistanbul-drkcnay2026/ana-sayfa,beşyol escort,1,3,33.33%,10.33,2026-05-27,2026-06-10
sites.google.com/dorukcanay.digital/sefakoyistanbul-drkcnay2026/ana-sayfa,escort sefakoy,1,2,50.00%,21.00,2026-05-27,2026-06-10
sites.google.com/dorukcanay.digital/sefakoyistanbul-drkcnay2026/ana-sayfa,eskort sefaköy,1,13,7.69%,15.38,2026-05-27,2026-06-10
sites.google.com/dorukcanay.digital/sefakoyistanbul-drkcnay2026/ana-sayfa,istanbul escort 2026,1,1,100.00%,1.00,2026-05-27,2026-06-10
sites.google.com/dorukcanay.digital/sefakoyistanbul-drkcnay2026/ana-sayfa,istanbul sefaköy escort,1,1,100.00%,17.00,2026-05-27,2026-06-10
sites.google.com/dorukcanay.digital/sefakoyistanbul-drkcnay2026/ana-sayfa,sefaköy beşyol escort,1,2,50.00%,10.00,2026-05-27,2026-06-10
sites.google.com/dorukcanay.digital/sefakoyistanbul-drkcnay2026/ana-sayfa,sefaköy e*****,1,1,100.00%,173.00,2026-05-27,2026-06-10
sites.google.com/dorukcanay.digital/sefakoyistanbul-drkcnay2026/ana-sayfa,sefaköy esc,1,16,6.25%,13.75,2026-05-27,2026-06-10
sites.google.com/dorukcanay.digital/sefakoyistanbul-drkcnay2026/ana-sayfa,sefaköy escory,1,8,12.50%,17.00,2026-05-27,2026-06-10
sites.google.com/dorukcanay.digital/sefakoyistanbul-drkcnay2026/ana-sayfa,sefaköy escırt,1,6,16.67%,15.17,2026-05-27,2026-06-10
sites.google.com/dorukcanay.digital/sefakoyistanbul-drkcnay2026/ana-sayfa,beşyol eskort,0,2,0.00%,8.00,2026-05-27,2026-06-10
sites.google.com/dorukcanay.digital/sefakoyistanbul-drkcnay2026/ana-sayfa,eskort sefakoy,0,2,0.00%,16.50,2026-05-27,2026-06-10
sites.google.com/dorukcanay.digital/sefakoyistanbul-drkcnay2026/ana-sayfa,inönü escort,0,1,0.00%,20.00,2026-05-27,2026-06-10
sites.google.com/dorukcanay.digital/sefakoyistanbul-drkcnay2026/ana-sayfa,sefa köy escort,0,1,0.00%,18.00,2026-05-27,2026-06-10
sites.google.com/dorukcanay.digital/sefakoyistanbul-drkcnay2026/ana-sayfa,sefa köy eskort,0,1,0.00%,19.00,2026-05-27,2026-06-10
sites.google.com/dorukcanay.digital/sefakoyistanbul-drkcnay2026/ana-sayfa,sefakoy esc,0,1,0.00%,11.00,2026-05-27,2026-06-10
sites.google.com/dorukcanay.digital/sefakoyistanbul-drkcnay2026/ana-sayfa,sefaköy beşyol eskort,0,2,0.00%,10.00,2026-05-27,2026-06-10
sites.google.com/dorukcanay.digital/sefakoyistanbul-drkcnay2026/ana-sayfa,sefaköy escoet,0,2,0.00%,10.00,2026-05-27,2026-06-10
sites.google.com/dorukcanay.digital/sefakoyistanbul-drkcnay2026/ana-sayfa,sefaköy escor,0,1,0.00%,15.00,2026-05-27,2026-06-10
sites.google.com/dorukcanay.digital/sefakoyistanbul-drkcnay2026/ana-sayfa,sefaköy escort yorumlar,0,1,0.00%,6.00,2026-05-27,2026-06-10
sites.google.com/dorukcanay.digital/sefakoyistanbul-drkcnay2026/ana-sayfa,sefaköy eskot,0,1,0.00%,17.00,2026-05-27,2026-06-10
sites.google.com/dorukcanay.digital/sefakoyistanbul-drkcnay2026/ana-sayfa,sefaköyescort,0,3,0.00%,14.00,2026-05-27,2026-06-10
sites.google.com/dorukcanay.digital/sefakoyistanbul-drkcnay2026/ana-sayfa,sefaköyeskort,0,4,0.00%,11.50,2026-05-27,2026-06-10
sites.google.com/dorukcanay.digital/sefakoyistanbul-drkcnay2026/ana-sayfa,sefsköy escort,0,3,0.00%,9.33,2026-05-27,2026-06-10
besiktasescort.fun,ümraniye escort,30,102306,0.03%,22.91,2026-05-27,2026-06-10
besiktasescort.fun,ümraniye eskort,22,90,24.44%,35.60,2026-05-27,2026-06-10
besiktasescort.fun,escort ümraniye,8,99,8.08%,35.05,2026-05-27,2026-06-10
besiktasescort.fun,üsküdar escort,8,47630,0.02%,21.27,2026-05-27,2026-06-10
besiktasescort.fun,şile escort,6,33039,0.02%,20.72,2026-05-27,2026-06-10
besiktasescort.fun,beşiktaş escort,5,5694,0.09%,38.03,2026-05-27,2026-06-10
besiktasescort.fun,kağıthane eskort,5,9,55.56%,35.00,2026-05-27,2026-06-10
besiktasescort.fun,çekmeköy escort,5,21954,0.02%,25.40,2026-05-27,2026-06-10
besiktasescort.fun,cekmekoy eskort,4,7,57.14%,27.00,2026-05-27,2026-06-10
besiktasescort.fun,kağıthane escort,4,2713,0.15%,32.69,2026-05-27,2026-06-10
besiktasescort.fun,üsküdar eskort,4,12,33.33%,34.33,2026-05-27,2026-06-10
besiktasescort.fun,kadıköy escort,3,19061,0.02%,24.90,2026-05-27,2026-06-10
besiktasescort.fun,umraniye escort,3,339,0.88%,28.35,2026-05-27,2026-06-10
besiktasescort.fun,umraniye eskort,3,14,21.43%,32.00,2026-05-27,2026-06-10
besiktasescort.fun,beşiktaş eskort,2,8,25.00%,36.50,2026-05-27,2026-06-10
besiktasescort.fun,cekmekoy escort,2,334,0.60%,35.32,2026-05-27,2026-06-10
besiktasescort.fun,escort umraniye,2,6,33.33%,31.67,2026-05-27,2026-06-10
besiktasescort.fun,sarıyer eskort,2,2,100.00%,21.00,2026-05-27,2026-06-10
besiktasescort.fun,sile escort,2,2,100.00%,34.50,2026-05-27,2026-06-10
besiktasescort.fun,çekmeköy eskort,2,30,6.67%,14.53,2026-05-27,2026-06-10
besiktasescort.fun,ümraniye escort sitesi,2,5,40.00%,6.20,2026-05-27,2026-06-10
besiktasescort.fun,ümraniye vip escort,2,3,66.67%,17.00,2026-05-27,2026-06-10
besiktasescort.fun,ümraniyeeskort,2,4,50.00%,37.75,2026-05-27,2026-06-10
besiktasescort.fun,bakırköy escort kendi yeri,1,3,33.33%,7.00,2026-05-27,2026-06-10
besiktasescort.fun,bakırköy escort resimleri,1,1,100.00%,24.00,2026-05-27,2026-06-10
besiktasescort.fun,bakırköy eskort kendi yeri,1,1,100.00%,5.00,2026-05-27,2026-06-10
besiktasescort.fun,bakırköy vip escort,1,2,50.00%,2.50,2026-05-27,2026-06-10
besiktasescort.fun,besiktas escort,1,272,0.37%,29.96,2026-05-27,2026-06-10
besiktasescort.fun,besiktas eskort,1,1,100.00%,33.00,2026-05-27,2026-06-10
besiktasescort.fun,beşiktaş escort bayan,1,19,5.26%,23.16,2026-05-27,2026-06-10
besiktasescort.fun,beşiktaş eskort bayan,1,2,50.00%,34.00,2026-05-27,2026-06-10
besiktasescort.fun,beşiktaş vip escort,1,2,50.00%,25.00,2026-05-27,2026-06-10
besiktasescort.fun,beşiltaş escort,1,4,25.00%,41.50,2026-05-27,2026-06-10
besiktasescort.fun,cekmekoyescort,1,2,50.00%,11.00,2026-05-27,2026-06-10
besiktasescort.fun,escort bakirkoy,1,1,100.00%,44.00,2026-05-27,2026-06-10
besiktasescort.fun,escort uskudar,1,1,100.00%,47.00,2026-05-27,2026-06-10
besiktasescort.fun,escort üsküdar,1,77,1.30%,43.32,2026-05-27,2026-06-10
besiktasescort.fun,escort şile,1,1,100.00%,28.00,2026-05-27,2026-06-10
besiktasescort.fun,esenyurt vip escort,1,2,50.00%,10.50,2026-05-27,2026-06-10
besiktasescort.fun,eskort cekmekoy,1,3,33.33%,28.33,2026-05-27,2026-06-10
besiktasescort.fun,eskort sisli,1,1,100.00%,53.00,2026-05-27,2026-06-10
besiktasescort.fun,eskort ümraniye,1,13,7.69%,35.69,2026-05-27,2026-06-10
besiktasescort.fun,eskort şile,1,2,50.00%,22.00,2026-05-27,2026-06-10
besiktasescort.fun,istanbul escort kağıthane,1,1,100.00%,36.00,2026-05-27,2026-06-10
besiktasescort.fun,istanbul vip esc,1,1,100.00%,82.00,2026-05-27,2026-06-10
besiktasescort.fun,istanbul vip eskort,1,1,100.00%,55.00,2026-05-27,2026-06-10
besiktasescort.fun,istanbul çekmeköy escort,1,1,100.00%,35.00,2026-05-27,2026-06-10
besiktasescort.fun,istanbul çekmeköy eskort,1,1,100.00%,38.00,2026-05-27,2026-06-10
besiktasescort.fun,kadiköy esc,1,1,100.00%,50.00,2026-05-27,2026-06-10
besiktasescort.fun,kadıkoy eskort,1,3,33.33%,30.33,2026-05-27,2026-06-10
esenyurtescort.blog,esenyurt escort,0,2,0.00%,28.00,2026-05-27,2026-06-10
esenyurtescort.blog,esenyurt vip escort,0,4,0.00%,51.75,2026-05-27,2026-06-10
esenyurtescort.blog,esenyurt yeni escort,0,1,0.00%,35.00,2026-05-27,2026-06-10
konumbulucu.xyz,kadiköy escort,1,1,100.00%,42.00,2026-05-27,2026-06-10
konumbulucu.xyz,escort bayan küçükçekmece,0,1,0.00%,33.00,2026-05-27,2026-06-10
konumbulucu.xyz,escort küçükçekmece,0,5,0.00%,29.80,2026-05-27,2026-06-10
konumbulucu.xyz,kadıköy escort,0,51610,0.00%,25.17,2026-05-27,2026-06-10
konumbulucu.xyz,kadıköy esxort,0,1,0.00%,46.00,2026-05-27,2026-06-10
konumbulucu.xyz,küçükçekmece escort,0,106,0.00%,26.31,2026-05-27,2026-06-10
konumbulucu.xyz,küçükçekmece escort bayan,0,1,0.00%,36.00,2026-05-27,2026-06-10
kadikoyescort.shop,kadıköy escort vip,1,1,100.00%,60.00,2026-05-27,2026-06-10
kadikoyescort.shop,eskort elit,0,1,0.00%,170.00,2026-05-27,2026-06-10
kadikoyescort.shop,kadikoy escort,0,74,0.00%,81.31,2026-05-27,2026-06-10
kadikoyescort.shop,kadikoy eskort,0,1,0.00%,33.00,2026-05-27,2026-06-10
kadikoyescort.shop,kadiköy escort,0,1,0.00%,55.00,2026-05-27,2026-06-10
kadikoyescort.shop,kadıköy elit escort,0,1,0.00%,40.00,2026-05-27,2026-06-10
kadikoyescort.shop,kadıköy escort,0,1818,0.00%,48.46,2026-05-27,2026-06-10
kadikoyescort.shop,kadıköy escort bayan,0,1,0.00%,35.00,2026-05-27,2026-06-10
kadikoyescort.shop,kadıköy eğitim escort,0,1,0.00%,81.00,2026-05-27,2026-06-10
kadikoyescort.shop,kadıköy vip escort,0,1,0.00%,59.00,2026-05-27,2026-06-10
kadikoyescort.shop,kadıköy öğrenci escort,0,1,0.00%,32.00,2026-05-27,2026-06-10
kadikoyescort.shop,kadıköyescort,0,1,0.00%,47.00,2026-05-27,2026-06-10
sariyerdrkcnay.shop,escort fatih,4,189,2.12%,45.41,2026-05-27,2026-06-10
sariyerdrkcnay.shop,sarıyer eskort,4,8,50.00%,36.00,2026-05-27,2026-06-10
sariyerdrkcnay.shop,sarıyer escort,3,2881,0.10%,32.57,2026-05-27,2026-06-10
sariyerdrkcnay.shop,fatih escort,2,1690,0.12%,33.98,2026-05-27,2026-06-10
sariyerdrkcnay.shop,sarıyer escort bayan fotoğraflar,2,2,100.00%,18.50,2026-05-27,2026-06-10
sariyerdrkcnay.shop,fatih escort kendi yeri,1,1,100.00%,42.00,2026-05-27,2026-06-10
sariyerdrkcnay.shop,fatih eskort,1,3,33.33%,59.00,2026-05-27,2026-06-10
sariyerdrkcnay.shop,sariyer escort,1,106,0.94%,36.67,2026-05-27,2026-06-10
sariyerdrkcnay.shop,sarıyer escort bayan,1,80,1.25%,25.46,2026-05-27,2026-06-10
sariyerdrkcnay.shop,adalar escort,0,12,0.00%,19.17,2026-05-27,2026-06-10
sariyerdrkcnay.shop,adalar eskort,0,1,0.00%,17.00,2026-05-27,2026-06-10
sariyerdrkcnay.shop,adalar genç escort,0,1,0.00%,14.00,2026-05-27,2026-06-10
sariyerdrkcnay.shop,adalar liseli escort,0,1,0.00%,20.00,2026-05-27,2026-06-10
sariyerdrkcnay.shop,adalar suriyeli escort,0,1,0.00%,12.00,2026-05-27,2026-06-10
sariyerdrkcnay.shop,adalar türbanlı escort,0,1,0.00%,13.00,2026-05-27,2026-06-10
sariyerdrkcnay.shop,adalar ukraynalı escort,0,2,0.00%,33.00,2026-05-27,2026-06-10
sariyerdrkcnay.shop,adalar yabancı escort,0,1,0.00%,19.00,2026-05-27,2026-06-10
sariyerdrkcnay.shop,adalar öğrenci escort,0,1,0.00%,13.00,2026-05-27,2026-06-10
sariyerdrkcnay.shop,adalar şişman escort,0,1,0.00%,14.00,2026-05-27,2026-06-10
sariyerdrkcnay.shop,escort bayan adalar,0,1,0.00%,20.00,2026-05-27,2026-06-10
sariyerdrkcnay.shop,escort bayan fatih,0,3,0.00%,49.00,2026-05-27,2026-06-10
sariyerdrkcnay.shop,escort bayan sarıyer,0,3,0.00%,30.33,2026-05-27,2026-06-10
sariyerdrkcnay.shop,escort sarıyer,0,148,0.00%,34.58,2026-05-27,2026-06-10
sariyerdrkcnay.shop,eskort fatih,0,1,0.00%,84.00,2026-05-27,2026-06-10
sariyerdrkcnay.shop,eskort sarıyer,0,2,0.00%,14.50,2026-05-27,2026-06-10
sariyerdrkcnay.shop,fatih escort bayan,0,1,0.00%,53.00,2026-05-27,2026-06-10
sariyerdrkcnay.shop,istanbul eskort fatih,0,1,0.00%,64.00,2026-05-27,2026-06-10
sariyerdrkcnay.shop,istanbul sarıyer escort,0,1,0.00%,29.00,2026-05-27,2026-06-10
sariyerdrkcnay.shop,olgun escort fatih,0,1,0.00%,38.00,2026-05-27,2026-06-10
sariyerdrkcnay.shop,sarıyer escırt,0,3,0.00%,36.67,2026-05-27,2026-06-10
sariyerdrkcnay.shop,zekeriyaköy escort,0,3,0.00%,22.33,2026-05-27,2026-06-10
escortvip.net,escortvip,15,44,34.09%,2.02,2026-05-27,2026-06-10
escortvip.net,etimesgut escort,13,3484,0.37%,25.68,2026-05-27,2026-06-10
escortvip.net,gayrettepe escort,13,79,16.46%,6.42,2026-05-27,2026-06-10
escortvip.net,balat eskort,9,22,40.91%,7.09,2026-05-27,2026-06-10
escortvip.net,balat escort,8,55,14.55%,6.71,2026-05-27,2026-06-10
escortvip.net,batışehir escort,6,11,54.55%,1.18,2026-05-27,2026-06-10
escortvip.net,etimesgut eskort,5,9,55.56%,23.44,2026-05-27,2026-06-10
escortvip.net,batışehir eskort,4,7,57.14%,1.00,2026-05-27,2026-06-10
escortvip.net,kocamustafapaşa escort,4,11,36.36%,6.55,2026-05-27,2026-06-10
escortvip.net,bursa demirtaş escort,3,15,20.00%,6.67,2026-05-27,2026-06-10
escortvip.net,haliç escort,3,5,60.00%,2.80,2026-05-27,2026-06-10
escortvip.net,behçelievler vip escort,2,60,3.33%,6.23,2026-05-27,2026-06-10
escortvip.net,escort batışehir,2,3,66.67%,1.00,2026-05-27,2026-06-10
escortvip.net,eyüpsultan escort,2,225,0.89%,15.67,2026-05-27,2026-06-10
escortvip.net,gayrettepe eskort,2,12,16.67%,5.92,2026-05-27,2026-06-10
escortvip.net,istanbul bayan partner,2,2,100.00%,49.00,2026-05-27,2026-06-10
escortvip.net,vip elit escort,2,10,20.00%,7.10,2026-05-27,2026-06-10
escortvip.net,ankara etimesgut escort bayan,1,1,100.00%,13.00,2026-05-27,2026-06-10
escortvip.net,ankara gölbaşı escort,1,9,11.11%,9.33,2026-05-27,2026-06-10
escortvip.net,bursa demirtaş eskort,1,7,14.29%,6.14,2026-05-27,2026-06-10
escortvip.net,demirtaş escort,1,22,4.55%,8.41,2026-05-27,2026-06-10
escortvip.net,diyarbakır vip escort,1,1,100.00%,13.00,2026-05-27,2026-06-10
escortvip.net,escort etimesgut,1,1,100.00%,21.00,2026-05-27,2026-06-10
escortvip.net,escort istanbul sınırsız,1,6,16.67%,2.83,2026-05-27,2026-06-10
escortvip.net,escortrus,1,1,100.00%,8.00,2026-05-27,2026-06-10
escortvip.net,etimesgut e***** bayan,1,1,100.00%,39.00,2026-05-27,2026-06-10
escortvip.net,etimesgut escort bayan,1,1,100.00%,31.00,2026-05-27,2026-06-10
escortvip.net,etimesgut escort fotoğraflar,1,7,14.29%,7.71,2026-05-27,2026-06-10
escortvip.net,etimesgut escort kızlar,1,1,100.00%,16.00,2026-05-27,2026-06-10
escortvip.net,etimesgut eskort bayan,1,1,100.00%,12.00,2026-05-27,2026-06-10
escortvip.net,eve gelen escort istanbul,1,2,50.00%,11.50,2026-05-27,2026-06-10
escortvip.net,eyüp eskort,1,1,100.00%,36.00,2026-05-27,2026-06-10
escortvip.net,gizli escort,1,2,50.00%,22.00,2026-05-27,2026-06-10
escortvip.net,istanbul escort ajansı,1,1,100.00%,25.00,2026-05-27,2026-06-10
escortvip.net,istanbul escort gecelik,1,1,100.00%,9.00,2026-05-27,2026-06-10
escortvip.net,istanbul escort gerçek,1,1,100.00%,27.00,2026-05-27,2026-06-10
escortvip.net,istanbul gecelik eskort,1,4,25.00%,10.00,2026-05-27,2026-06-10
escortvip.net,istanbul sınırsız escort,1,5,20.00%,12.20,2026-05-27,2026-06-10
escortvip.net,istanbul üniversiteli escort,1,5,20.00%,8.60,2026-05-27,2026-06-10
escortvip.net,kartal rus escort,1,1,100.00%,5.00,2026-05-27,2026-06-10
escortvip.net,kocamustafapaşa eskort,1,8,12.50%,6.50,2026-05-27,2026-06-10
escortvip.net,kuruçeşme escort,1,2,50.00%,15.50,2026-05-27,2026-06-10
escortvip.net,rize escort telegram,1,1,100.00%,20.00,2026-05-27,2026-06-10
escortvip.net,yeşilpınar escort,1,1,100.00%,20.00,2026-05-27,2026-06-10
escortvip.net,zorlu center escort,1,5,20.00%,8.20,2026-05-27,2026-06-10
escortvip.net,şahintepe eskort,1,1,100.00%,2.00,2026-05-27,2026-06-10
escortvip.net,adatepe escort,0,1,0.00%,4.00,2026-05-27,2026-06-10
escortvip.net,adatepe eskort,0,1,0.00%,15.00,2026-05-27,2026-06-10
escortvip.net,altunizade escort,0,1,0.00%,17.00,2026-05-27,2026-06-10
escortvip.net,altındağ escort,0,854,0.00%,41.54,2026-05-27,2026-06-10
bagcilarescort.shop,bağcılar escort,11,27082,0.04%,35.74,2026-05-27,2026-06-10
bagcilarescort.shop,bağcılar eskort,5,16,31.25%,50.13,2026-05-27,2026-06-10
bagcilarescort.shop,bagcılar escort,3,7,42.86%,35.86,2026-05-27,2026-06-10
bagcilarescort.shop,bagcılar eskort,1,4,25.00%,33.00,2026-05-27,2026-06-10
bagcilarescort.shop,bağcılar escort fotoğraflar,1,1,100.00%,41.00,2026-05-27,2026-06-10
bagcilarescort.shop,bağcılarescort,1,2,50.00%,37.50,2026-05-27,2026-06-10
bagcilarescort.shop,escort bayan bağcılar,1,5,20.00%,53.20,2026-05-27,2026-06-10
bagcilarescort.shop,eskort bağcılar,1,2,50.00%,61.00,2026-05-27,2026-06-10
bagcilarescort.shop,istanbul bağcılar escort,1,3,33.33%,43.67,2026-05-27,2026-06-10
bagcilarescort.shop,istanbul eskort bağcılar,1,1,100.00%,57.00,2026-05-27,2026-06-10
bagcilarescort.shop,bagcilar escort,0,326,0.00%,39.33,2026-05-27,2026-06-10
bagcilarescort.shop,bagcilar escort bayan,0,30,0.00%,36.77,2026-05-27,2026-06-10
bagcilarescort.shop,bagcilarr escort,0,10,0.00%,29.70,2026-05-27,2026-06-10
bagcilarescort.shop,bağcilar escort,0,2,0.00%,39.00,2026-05-27,2026-06-10
bagcilarescort.shop,bağcılar bayan escort,0,1,0.00%,31.00,2026-05-27,2026-06-10
bagcilarescort.shop,bağcılar escort bayan,0,1317,0.00%,37.21,2026-05-27,2026-06-10
bagcilarescort.shop,bağcılar escort vip,0,1,0.00%,43.00,2026-05-27,2026-06-10
bagcilarescort.shop,bağcılar escırt,0,1,0.00%,44.00,2026-05-27,2026-06-10
bagcilarescort.shop,bağxılar escort,0,2,0.00%,26.00,2026-05-27,2026-06-10
bagcilarescort.shop,escort bağcılar,0,21,0.00%,45.14,2026-05-27,2026-06-10
telegramifsaizle.shop,bakırköy escort telegram,0,1,0.00%,40.00,2026-05-27,2026-06-10
telegramifsaizle.shop,esenler escort telegram,0,1,0.00%,10.00,2026-05-27,2026-06-10
telegramifsaizle.shop,telegram istanbul ifşa,0,1,0.00%,98.00,2026-05-27,2026-06-10
sites.google.com/dorukcanay.digital/beylikduzu-vip-escort,istanbul eskord,5,13,38.46%,1.00,2026-05-27,2026-06-10
sites.google.com/dorukcanay.digital/beylikduzu-vip-escort,beylikdüzü vip escort,2,4,50.00%,1.00,2026-05-27,2026-06-10
sites.google.com/dorukcanay.digital/beylikduzu-vip-escort,beylikdüzü elit escort,1,1,100.00%,2.00,2026-05-27,2026-06-10
sites.google.com/dorukcanay.digital/beylikduzu-vip-escort,beylikdüzü vip eskort,1,1,100.00%,2.00,2026-05-27,2026-06-10
sites.google.com/dorukcanay.digital/beylikduzu-vip-escort,beylikdüzü'nde escort,1,1,100.00%,5.00,2026-05-27,2026-06-10
sites.google.com/dorukcanay.digital/beylikduzu-vip-escort,vip escort beylikdüzü,1,3,33.33%,1.00,2026-05-27,2026-06-10
sites.google.com/dorukcanay.digital/beylikduzu-vip-escort,maltepe eskord,0,1,0.00%,4.00,2026-05-27,2026-06-10
santajci-tespit.site,gültepe escort,0,4,0.00%,24.25,2026-05-27,2026-06-10
santajci-tespit.site,kağıthane escort,0,2,0.00%,49.50,2026-05-27,2026-06-10
izmitescorthizmeti.shop,izmit escort,4,61748,0.01%,37.45,2026-05-27,2026-06-10
izmitescorthizmeti.shop,izmit escort bayan,1,1,100.00%,35.00,2026-05-27,2026-06-10
izmitescorthizmeti.shop,izmit escortlar,1,1,100.00%,69.00,2026-05-27,2026-06-10
izmitescorthizmeti.shop,izmit eskort,1,2,50.00%,28.50,2026-05-27,2026-06-10
izmitescorthizmeti.shop,elit vip escort,0,1,0.00%,9.00,2026-05-27,2026-06-10
izmitescorthizmeti.shop,escord izmit,0,1,0.00%,39.00,2026-05-27,2026-06-10
izmitescorthizmeti.shop,eskort izmit,0,1,0.00%,36.00,2026-05-27,2026-06-10
izmitescorthizmeti.shop,eskortizmit,0,1,0.00%,62.00,2026-05-27,2026-06-10
izmitescorthizmeti.shop,izmit esc,0,2,0.00%,50.00,2026-05-27,2026-06-10
izmitescorthizmeti.shop,izmit escort alev,0,1,0.00%,47.00,2026-05-27,2026-06-10
izmitescorthizmeti.shop,izmit escort kapali,0,1,0.00%,20.00,2026-05-27,2026-06-10
izmitescorthizmeti.shop,izmit escort kent konut,0,1,0.00%,35.00,2026-05-27,2026-06-10
izmitescorthizmeti.shop,izmit orospu,0,1,0.00%,27.00,2026-05-27,2026-06-10
izmitescorthizmeti.shop,izmit rus escort,0,10,0.00%,27.40,2026-05-27,2026-06-10
izmitescorthizmeti.shop,izmit vip escort,0,3,0.00%,23.67,2026-05-27,2026-06-10
izmitescorthizmeti.shop,izmit vip eskort,0,1,0.00%,39.00,2026-05-27,2026-06-10
izmitescorthizmeti.shop,i̇zmit escort,0,1,0.00%,22.00,2026-05-27,2026-06-10
izmitescorthizmeti.shop,kocaeli izmit escort,0,2,0.00%,48.50,2026-05-27,2026-06-10
izmitescorthizmeti.shop,ucuz escort izmit,0,1,0.00%,30.00,2026-05-27,2026-06-10
izmitescorthizmeti.shop,çekmeköy escort bayan,0,1,0.00%,41.00,2026-05-27,2026-06-10
taksimescorthizmeti.shop,beyoğlu escort,2,5958,0.03%,40.49,2026-05-27,2026-06-10
taksimescorthizmeti.shop,maltepe escort fotoğraflar,2,2,100.00%,35.50,2026-05-27,2026-06-10
taksimescorthizmeti.shop,beyoglu escort,1,189,0.53%,22.65,2026-05-27,2026-06-10
taksimescorthizmeti.shop,beyoğlu escort bayanlar,1,1,100.00%,35.00,2026-05-27,2026-06-10
taksimescorthizmeti.shop,beyoğlu eskort,1,4,25.00%,30.50,2026-05-27,2026-06-10
taksimescorthizmeti.shop,esenyurt vip escort,1,1,100.00%,47.00,2026-05-27,2026-06-10
taksimescorthizmeti.shop,taksim eskort,1,1,100.00%,42.00,2026-05-27,2026-06-10
taksimescorthizmeti.shop,adalar escort,0,47,0.00%,49.83,2026-05-27,2026-06-10
taksimescorthizmeti.shop,beyoglu eskort,0,1,0.00%,10.00,2026-05-27,2026-06-10
taksimescorthizmeti.shop,escort beyoglu,0,1,0.00%,22.00,2026-05-27,2026-06-10
taksimescorthizmeti.shop,escort beyoğlu,0,1,0.00%,27.00,2026-05-27,2026-06-10
taksimescorthizmeti.shop,escort dilan,0,1,0.00%,35.00,2026-05-27,2026-06-10
taksimescorthizmeti.shop,escort eyüpsultan,0,4,0.00%,30.50,2026-05-27,2026-06-10
taksimescorthizmeti.shop,escort maltepe,0,39,0.00%,41.05,2026-05-27,2026-06-10
taksimescorthizmeti.shop,eskort maltepe,0,1,0.00%,46.00,2026-05-27,2026-06-10
taksimescorthizmeti.shop,eyüpsultan escort,0,8,0.00%,31.38,2026-05-27,2026-06-10
taksimescorthizmeti.shop,istanbul bireysel eskort,0,1,0.00%,40.00,2026-05-27,2026-06-10
taksimescorthizmeti.shop,istanbul maltepe escort,0,1,0.00%,26.00,2026-05-27,2026-06-10
taksimescorthizmeti.shop,maltepe escort,0,1,0.00%,27.00,2026-05-27,2026-06-10
taksimescorthizmeti.shop,maltepe sınırsız escort,0,1,0.00%,23.00,2026-05-27,2026-06-10
taksimescorthizmeti.shop,maltepe vip escort,0,2,0.00%,37.00,2026-05-27,2026-06-10
taksimescorthizmeti.shop,okmeydanı escort,0,1,0.00%,22.00,2026-05-27,2026-06-10
taksimescorthizmeti.shop,taksim escort,0,15,0.00%,48.33,2026-05-27,2026-06-10
taksimescorthizmeti.shop,taksim escort bayan,0,2,0.00%,34.50,2026-05-27,2026-06-10
taksimescorthizmeti.shop,üsküdar escort,0,18,0.00%,57.72,2026-05-27,2026-06-10
taksimescorthizmeti.shop,üsküdar escort bayan,0,2,0.00%,33.50,2026-05-27,2026-06-10
bucaescorthizmeti.shop,buca escort,1,8,12.50%,38.75,2026-05-27,2026-06-10
bucaescorthizmeti.shop,buca escort bayan,1,1,100.00%,7.00,2026-05-27,2026-06-10
bucaescorthizmeti.shop,buca escort bayan fotoğraflar,0,5,0.00%,7.80,2026-05-27,2026-06-10
bucaescorthizmeti.shop,buca eskort,0,18,0.00%,34.17,2026-05-27,2026-06-10
bucaescorthizmeti.shop,buca rus escort,0,1,0.00%,17.00,2026-05-27,2026-06-10
bucaescorthizmeti.shop,buca vip escort,0,2,0.00%,34.50,2026-05-27,2026-06-10
bucaescorthizmeti.shop,büyükçekmece escort,0,1,0.00%,45.00,2026-05-27,2026-06-10
istanbulescortkaporasiz.shop,istanbul eskort bayan,2,2,100.00%,71.50,2026-05-27,2026-06-10
istanbulescortkaporasiz.shop,elit eskort istanbul,1,1,100.00%,4.00,2026-05-27,2026-06-10
istanbulescortkaporasiz.shop,florya eskort,1,2,50.00%,15.00,2026-05-27,2026-06-10
istanbulescortkaporasiz.shop,istanbul bireysel eskort,1,1,100.00%,48.00,2026-05-27,2026-06-10
istanbulescortkaporasiz.shop,istanbul escort rus,1,1,100.00%,3.00,2026-05-27,2026-06-10
istanbulescortkaporasiz.shop,istanbul gerçek escort,1,1,100.00%,8.00,2026-05-27,2026-06-10
istanbulescortkaporasiz.shop,istanbul rus escort,1,2,50.00%,4.00,2026-05-27,2026-06-10
istanbulescortkaporasiz.shop,istanbul rus eskort,1,1,100.00%,3.00,2026-05-27,2026-06-10
istanbulescortkaporasiz.shop,küçükçekmece vip escort,1,2,50.00%,8.50,2026-05-27,2026-06-10
istanbulescortkaporasiz.shop,vip rus escort istanbul,1,2,50.00%,4.50,2026-05-27,2026-06-10
istanbulescortkaporasiz.shop,ataşehir escort,0,16,0.00%,38.94,2026-05-27,2026-06-10
istanbulescortkaporasiz.shop,bahçelievler escort,0,13,0.00%,29.69,2026-05-27,2026-06-10
istanbulescortkaporasiz.shop,bakırköy anal escort,0,1,0.00%,14.00,2026-05-27,2026-06-10
istanbulescortkaporasiz.shop,bakırköy escort,0,51,0.00%,39.76,2026-05-27,2026-06-10
istanbulescortkaporasiz.shop,bakırköy rus escort,0,1,0.00%,36.00,2026-05-27,2026-06-10
istanbulescortkaporasiz.shop,bayrampaşa escort bayan,0,1,0.00%,32.00,2026-05-27,2026-06-10
istanbulescortkaporasiz.shop,bayrampaşa rus escort,0,1,0.00%,28.00,2026-05-27,2026-06-10
istanbulescortkaporasiz.shop,beyoglu escort,0,1,0.00%,14.00,2026-05-27,2026-06-10
istanbulescortkaporasiz.shop,büyükçekmece escort,0,33,0.00%,39.30,2026-05-27,2026-06-10
istanbulescortkaporasiz.shop,büyükçekmece escort bayan,0,1,0.00%,32.00,2026-05-27,2026-06-10
istanbulescortkaporasiz.shop,escort kağıthane,0,3,0.00%,34.00,2026-05-27,2026-06-10
istanbulescortkaporasiz.shop,escort küçükçekmece,0,2,0.00%,38.00,2026-05-27,2026-06-10
istanbulescortkaporasiz.shop,escort sultangazi,0,2,0.00%,37.00,2026-05-27,2026-06-10
istanbulescortkaporasiz.shop,esenler escort,0,10,0.00%,41.50,2026-05-27,2026-06-10
istanbulescortkaporasiz.shop,eyüpsultan escort,0,1,0.00%,23.00,2026-05-27,2026-06-10
istanbulescortkaporasiz.shop,eyüpsultan escort bayan,0,2,0.00%,22.50,2026-05-27,2026-06-10
istanbulescortkaporasiz.shop,florya escort,0,1,0.00%,10.00,2026-05-27,2026-06-10
istanbulescortkaporasiz.shop,gaziosmanpaşa escort bayan,0,3,0.00%,28.00,2026-05-27,2026-06-10
istanbulescortkaporasiz.shop,genc eskort,0,1,0.00%,54.00,2026-05-27,2026-06-10
istanbulescortkaporasiz.shop,gungoren escort bayan,0,4,0.00%,33.50,2026-05-27,2026-06-10
istanbulescortkaporasiz.shop,güngören escort,0,1,0.00%,25.00,2026-05-27,2026-06-10
istanbulescortkaporasiz.shop,istanbul elit escort,0,4,0.00%,51.50,2026-05-27,2026-06-10
istanbulescortkaporasiz.shop,istanbul elit eskort,0,1,0.00%,78.00,2026-05-27,2026-06-10
istanbulescortkaporasiz.shop,istanbul escort,0,1,0.00%,82.00,2026-05-27,2026-06-10
istanbulescortkaporasiz.shop,istanbul escort bayan fotoğraflar,0,1,0.00%,59.00,2026-05-27,2026-06-10
istanbulescortkaporasiz.shop,istanbul vip escort,0,3,0.00%,62.33,2026-05-27,2026-06-10
istanbulescortkaporasiz.shop,kadıköy escort,0,2,0.00%,41.50,2026-05-27,2026-06-10
istanbulescortkaporasiz.shop,kadıköy escort kızlar,0,6,0.00%,15.50,2026-05-27,2026-06-10
istanbulescortkaporasiz.shop,küçükçekmece escort bayan,0,1,0.00%,45.00,2026-05-27,2026-06-10
istanbulescortkaporasiz.shop,rus escort kızlar,0,1,0.00%,4.00,2026-05-27,2026-06-10
istanbulescortkaporasiz.shop,sultangazi escort,0,70,0.00%,39.56,2026-05-27,2026-06-10
istanbulescortkaporasiz.shop,sultangazi escort bayan,0,7,0.00%,38.43,2026-05-27,2026-06-10
istanbulescortkaporasiz.shop,sultangazide escort,0,1,0.00%,28.00,2026-05-27,2026-06-10
istanbulescortkaporasiz.shop,sultangaziescort,0,1,0.00%,32.00,2026-05-27,2026-06-10
istanbulescortkaporasiz.shop,çekmeköy escort,0,10,0.00%,40.80,2026-05-27,2026-06-10
istanbulescortkaporasiz.shop,çekmeköy escort bayan,0,1,0.00%,21.00,2026-05-27,2026-06-10
istanbulescortkaporasiz.shop,ümraniye escort vip,0,1,0.00%,13.00,2026-05-27,2026-06-10
istanbulescortkaporasiz.shop,üsküdar escort,0,82,0.00%,45.12,2026-05-27,2026-06-10
istanbulescortkaporasiz.shop,üsküdar escort bayan,0,47,0.00%,19.47,2026-05-27,2026-06-10
istanbulescortkaporasiz.shop,üsküdar escort kızlar,0,16,0.00%,13.38,2026-05-27,2026-06-10
sisliescort.shop,şişli escort,0,1,0.00%,97.00,2026-05-27,2026-06-10
tiktokhilesi.sbs,bakırköy escort telegram,0,1,0.00%,35.00,2026-05-27,2026-06-10
tiktokhilesi.sbs,ifşaizle sbs,0,2,0.00%,45.00,2026-05-27,2026-06-10
tiktokhilesi.sbs,tiktok escort,0,1,0.00%,9.00,2026-05-27,2026-06-10
